{
  "format_version": "1.21.40",
  "minecraft:atmosphere_settings": {
    "description": {
      "identifier": "am:atmospherics"
    },
    "horizon_blend_stops": {
      "min": {
        "0.00": 0.3,                                  
        "0.17": 0.3,
        "0.215": 0.3,
        "0.24": 0.3,
        "0.25": 0.25,
        "0.29": 0.2,
        "0.32": 0.2,
        "0.50": 0.2,
        "0.60": 0.2,
        "0.67": 0.2,
        "0.70": 0.2,
        "0.72": 0.2,
        "0.75": 0.25,
        "0.76": 0.3,
        "0.775": 0.3,
        "0.82": 0.3
      },
      "start": {
        "0.0": 0.45,
        "0.1962499916553497": 0.27,
        "0.25": 0.27,
        "0.34": 0.0,
        "0.6": 0.0,
        "0.6750000119209290": 0.0,
        "0.7487499713897705": 0.27,
        "0.800000": 0.45
      },
      "mie_start": {
        "0.0": 0.09,
        "0.1962499916553497": 0.09,
        "0.25": 0.09,
        "0.34": 0.09,
        "0.6": 0.09,
        "0.6750000119209290": 0.09,
        "0.7487499713897705": 0.09,
        "0.800000": 0.30
      },
      "max": {
        "0.00": 0.6,
        "0.17": 0.5,
        "0.215": 0.4,
        "0.24": 0.4,
        "0.25": 0.4,
        "0.29": 0.4,
        "0.32": 0.4,
        "0.50": 0.4,
        "0.60": 0.4,
        "0.67": 0.4,
        "0.70": 0.4,
        "0.72": 0.4,
        "0.75": 0.4,
        "0.76": 0.4,
        "0.775": 0.5,
        "0.82": 0.6
      }
    },
    "rayleigh_strength": {
      "0.0": 1.33,
      "0.152":1.33,
      "0.19": 1.33,
      "0.25": 0.6,
      "0.3": 1.2,
      "0.6": 1.3,
      "0.65": 1,
      "0.7": 0.6,
      "0.75": 1.33,
      "0.81": 1.33
    },
    "sun_mie_strength": {
      "0.0": 4.0,
      "0.19": 3.5,
      "0.25": 2.0,
      "0.3": 1,
      "0.3037499785423279": 1,
      "0.3249999880790710": 1,
      "0.6": 1,
      "0.7074999809265137": 1,
      "0.75": 2.0,
      "0.81": 4.0
    },
    "moon_mie_strength": {
      "0.0": 0.0,
      "0.19": 0.0,
      "0.25": 0.0,
      "0.3": 4,
      "0.3037499785423279": 5,
      "0.3249999880790710": 5,
      "5.0": 5,
      "0.6": 3,
      "0.7074999809265137": 2,
      "0.75": 0.0,
      "0.81": 0.0
    },
    "sun_glare_shape": {
      "0.0": 8.0,                 
      "0.19": 8.0,
      "0.25": 8.0,
      "0.3": 8,
      "0.3037499785423279": 7,
      "0.3249999880790710": 7,
      "0.6": 7,
      "0.7074999809265137": 8,
      "0.75": 8.0,
      "0.81": 8.0
    },
    "sky_zenith_color": {
      "0.17": "#5384B7",
      "0.215": "#5384B7",
      "0.24": "#49609A",
      "0.25": "#6D8DD0",          
      "0.29": "#27334C",
      "0.40": "#27334C",
      "0.45": "#27334C",
      "0.50": "#27334C",
      "0.55": "#27334C",
      "0.60": "#27334C",
      "0.65": "#27334C",
      "0.70": "#27334C",
      "0.75": "#6D8DD0",
      "0.775": "#49609A",
      "0.827": "#5384B7"
    },
    "sky_horizon_color": {
      "0.17": "#94B4E0",
      "0.225": "#94B4E0",
      "0.24": "#E27B43",
      "0.25": "#e6785a",
      "0.30": "#4167c7",
      "0.35": "#303360",
      "0.40": "#1b1d52",
      "0.45": "#1b1d52",
      "0.50": "#12183d",
      "0.55": "#180752",
      "0.60": "#2a0873",
      "0.65": "#0d064e",
      "0.70": "#27273e",
      "0.75": "#e6785a",
      "0.76": "#E27B43",
      "0.78": "#94B4E0"
    }
  }
}